{
  "IcoMoonType": "selection",
  "icons": [
    {
      "icon": {
        "paths": [
          "M1014.88 926.496c12.192 12.192 12.192 31.968 0 44.192l-44.192 44.192c-12.224 12.192-32 12.192-44.192 0l-309.376-309.376c-3.36-3.36-5.6-7.328-7.104-11.552-63.456 46.368-141.376 74.048-226.016 74.048-212.064 0-384-171.936-384-384s171.936-384 384-384c212.064 0 384 171.936 384 384 0 84.64-27.68 162.56-74.048 226.016 4.224 1.504 8.192 3.712 11.552 7.104l309.376 309.376zM384 128c-141.376 0-256 114.624-256 256s114.624 256 256 256 256-114.624 256-256c0-141.376-114.624-256-256-256z"
        ],
        "attrs": [
          {}
        ],
        "isMulticolor": false,
        "isMulticolor2": false,
        "tags": [
          "search",
          "zoom",
          "magnifier",
          "magnifying glass"
        ],
        "grid": 16
      },
      "attrs": [
        {}
      ],
      "properties": {
        "order": 1,
        "id": 1,
        "name": "search, zoom, magnifier, magnifying-glass",
        "prevSize": 32
      },
      "setIdx": 0,
      "setId": 4,
      "iconIdx": 0
    },
    {
      "icon": {
        "paths": [
          "M510.016 1024c0 0-318.016-449.984-318.016-641.984 0-378.016 318.016-382.016 318.016-382.016s321.984 4 321.984 380c0 197.984-321.984 644-321.984 644zM512 192c-70.688 0-128 57.312-128 128s57.312 128 128 128 128-57.312 128-128-57.312-128-128-128z"
        ],
        "attrs": [
          {}
        ],
        "isMulticolor": false,
        "isMulticolor2": false,
        "tags": [
          "location",
          "map marker",
          "marker",
          "pin"
        ],
        "grid": 16
      },
      "attrs": [
        {}
      ],
      "properties": {
        "order": 1,
        "id": 0,
        "name": "location, map-marker, marker, pin",
        "prevSize": 32
      },
      "setIdx": 0,
      "setId": 4,
      "iconIdx": 1
    },
    {
      "icon": {
        "paths": [
          "M736.448 142.688c-45.312 0-133.312 64-208 64-74.656 0-168-64-208-64-274.656 0-432 738.624-226.656 738.624 173.344 0 196.672-216 433.984-216 192 0 304.672 213.376 432.672 213.376 205.312 0 50.688-736-224-736zM304.416 558.688c-79.52 0-144-64.512-144-144 0-79.52 64.48-144 144-144s144 64.48 144 144c0 79.488-64.448 144-144 144zM686.432 478.688c-17.696 0-32-14.304-32-32s14.304-32 32-32 32 14.304 32 32-14.304 32-32 32zM784.448 574.688c-17.696 0-32-14.304-32-32s14.304-32 32-32 32 14.304 32 32-14.336 32-32 32zM784.448 382.688c-17.696 0-32-14.304-32-32s14.304-32 32-32 32 14.304 32 32-14.336 32-32 32zM880.448 478.688c-17.696 0-32-14.304-32-32s14.304-32 32-32 32 14.304 32 32-14.336 32-32 32zM304.416 334.688c-44.16 0-80 35.808-80 80s35.84 80 80 80c44.192 0 80-35.808 80-80s-35.808-80-80-80z"
        ],
        "attrs": [
          {}
        ],
        "width": 1054,
        "isMulticolor": false,
        "isMulticolor2": false,
        "tags": [
          "gamepad",
          "joystick"
        ],
        "grid": 32
      },
      "attrs": [
        {}
      ],
      "properties": {
        "order": 1,
        "id": 1,
        "name": "gamepad, joystick",
        "prevSize": 32
      },
      "setIdx": 1,
      "setId": 3,
      "iconIdx": 0
    },
    {
      "icon": {
        "paths": [
          "M801.344 597.504v-399.584c0-39.488-32-71.552-71.552-71.552h-626.272c-39.52-0.032-71.552 32.032-71.552 71.552v399.584c0 39.52 32.032 71.552 71.552 71.552h119.328v164.384l182.528-164.384h324.384c39.584 0 71.584-32.032 71.584-71.552zM920.48 283.456h-89.536c0 0 0 319.104 0 349.088s-38.912 68.544-68.896 68.544-350.24 1.76-350.24 1.76c0 39.52 32.032 63.552 71.552 63.552h137.888l179.904 163.264-0.224-163.264h119.552c39.552 0 71.552-24.032 71.552-63.552v-349.824c0-39.488-32-69.568-71.552-69.568z"
        ],
        "attrs": [
          {}
        ],
        "isMulticolor": false,
        "isMulticolor2": false,
        "tags": [
          "chat",
          "comments",
          "bubble",
          "talk"
        ],
        "grid": 32
      },
      "attrs": [
        {}
      ],
      "properties": {
        "order": 1,
        "id": 0,
        "name": "chat, comments, bubble, talk",
        "prevSize": 32
      },
      "setIdx": 1,
      "setId": 3,
      "iconIdx": 1
    },
    {
      "icon": {
        "paths": [
          "M867.789 382.566c-111.411 148.582-209.664 153.702-360.755 161.382h-5.171c-183.859-0.102-314.266-68.403-314.266-93.798-0.102-24.115 117.658-86.886 286.976-93.133l30.208-75.418c-0.973 0-1.894-0.102-2.918-0.102-251.29 0-398.899 79.974-398.899 156.211v102.4c0 47.002 29.798 458.189 388.198 458.189s409.6-411.187 409.6-458.189v-102.4c0-20.019-10.291-40.294-29.901-59.29l-3.072 4.147zM900.557 138.342c-22.579-16.896-54.733-12.39-71.629 10.291l-184.73 246.221 119.603-298.906c10.547-26.214-2.253-56.013-28.518-66.611-26.010-10.496-56.115 2.202-66.56 28.621l-166.861 416.87c147.558-7.526 218.982-11.622 310.63-133.683 91.597-122.214 98.253-131.123 98.253-131.123 16.998-22.579 12.442-54.682-10.189-71.68z"
        ],
        "attrs": [
          {}
        ],
        "isMulticolor": false,
        "isMulticolor2": false,
        "tags": [
          "bowl"
        ],
        "grid": 20
      },
      "attrs": [
        {}
      ],
      "properties": {
        "order": 1,
        "id": 0,
        "name": "bowl",
        "prevSize": 20
      },
      "setIdx": 2,
      "setId": 2,
      "iconIdx": 0
    },
    {
      "icon": {
        "paths": [
          "M1024 608l-192-192v-288h-128v160l-192-192-512 512v32h128v320h320v-192h128v192h320v-320h128z"
        ],
        "tags": [
          "home",
          "house"
        ],
        "defaultCode": 59650,
        "grid": 16,
        "attrs": []
      },
      "attrs": [],
      "properties": {
        "ligatures": "home3, house3",
        "name": "home3",
        "order": 9,
        "id": 3,
        "prevSize": 32
      },
      "setIdx": 3,
      "setId": 1,
      "iconIdx": 2
    },
    {
      "icon": {
        "paths": [
          "M384 928c0 53.019-42.981 96-96 96s-96-42.981-96-96c0-53.019 42.981-96 96-96s96 42.981 96 96z",
          "M1024 928c0 53.019-42.981 96-96 96s-96-42.981-96-96c0-53.019 42.981-96 96-96s96 42.981 96 96z",
          "M1024 512v-384h-768c0-35.346-28.654-64-64-64h-192v64h128l48.074 412.054c-29.294 23.458-48.074 59.5-48.074 99.946 0 70.696 57.308 128 128 128h768v-64h-768c-35.346 0-64-28.654-64-64 0-0.218 0.014-0.436 0.016-0.656l831.984-127.344z"
        ],
        "tags": [
          "cart",
          "purchase",
          "ecommerce",
          "shopping"
        ],
        "defaultCode": 59706,
        "grid": 16,
        "attrs": []
      },
      "attrs": [],
      "properties": {
        "ligatures": "cart, purchase",
        "name": "cart",
        "order": 13,
        "id": 59,
        "prevSize": 32
      },
      "setIdx": 3,
      "setId": 1,
      "iconIdx": 58
    },
    {
      "icon": {
        "paths": [
          "M192 0v1024l320-320 320 320v-1024z"
        ],
        "tags": [
          "bookmark",
          "ribbon"
        ],
        "defaultCode": 59858,
        "grid": 16,
        "attrs": []
      },
      "attrs": [],
      "properties": {
        "ligatures": "bookmark, ribbon",
        "name": "bookmark",
        "order": 3,
        "id": 211,
        "prevSize": 32
      },
      "setIdx": 3,
      "setId": 1,
      "iconIdx": 210
    },
    {
      "icon": {
        "paths": [
          "M1024 397.050l-353.78-51.408-158.22-320.582-158.216 320.582-353.784 51.408 256 249.538-60.432 352.352 316.432-166.358 316.432 166.358-60.434-352.352 256.002-249.538zM512 753.498l-223.462 117.48 42.676-248.83-180.786-176.222 249.84-36.304 111.732-226.396 111.736 226.396 249.836 36.304-180.788 176.222 42.678 248.83-223.462-117.48z"
        ],
        "tags": [
          "star-empty",
          "rate",
          "star",
          "favorite",
          "bookmark"
        ],
        "defaultCode": 59863,
        "grid": 16,
        "attrs": []
      },
      "attrs": [],
      "properties": {
        "ligatures": "star-empty, rate",
        "name": "star-empty",
        "order": 14,
        "id": 216,
        "prevSize": 32
      },
      "setIdx": 3,
      "setId": 1,
      "iconIdx": 215
    },
    {
      "icon": {
        "paths": [
          "M1024 397.050l-353.78-51.408-158.22-320.582-158.216 320.582-353.784 51.408 256 249.538-60.432 352.352 316.432-166.358 316.432 166.358-60.434-352.352 256.002-249.538z"
        ],
        "tags": [
          "star-full",
          "rate",
          "star",
          "favorite",
          "bookmark"
        ],
        "defaultCode": 59865,
        "grid": 16,
        "attrs": []
      },
      "attrs": [],
      "properties": {
        "ligatures": "star-full, rate3",
        "name": "star-full",
        "order": 15,
        "id": 218,
        "prevSize": 32
      },
      "setIdx": 3,
      "setId": 1,
      "iconIdx": 217
    },
    {
      "icon": {
        "paths": [
          "M512 0c-282.77 0-512 229.23-512 512s229.23 512 512 512 512-229.23 512-512-229.23-512-512-512zM512 928c-229.75 0-416-186.25-416-416s186.25-416 416-416 416 186.25 416 416-186.25 416-416 416z",
          "M354.744 706.744l90.512 90.512 285.254-285.256-285.256-285.254-90.508 90.508 194.744 194.746z"
        ],
        "tags": [
          "circle-right",
          "right",
          "circle-next",
          "arrow"
        ],
        "defaultCode": 59970,
        "grid": 16,
        "attrs": []
      },
      "attrs": [],
      "properties": {
        "ligatures": "circle-right, right5",
        "name": "circle-right",
        "order": 4,
        "id": 323,
        "prevSize": 32
      },
      "setIdx": 3,
      "setId": 1,
      "iconIdx": 322
    }
  ],
  "height": 1024,
  "preferences": {
    "showGlyphs": true,
    "showQuickUse": true,
    "showQuickUse2": true,
    "showSVGs": true,
    "fontPref": {
      "prefix": "icon-",
      "metadata": {
        "fontFamily": "icomoon"
      },
      "metrics": {
        "emSize": 1024,
        "baseline": 6.25,
        "whitespace": 50
      },
      "embed": false
    },
    "imagePref": {
      "prefix": "icon-",
      "png": true,
      "useClassSelector": true,
      "color": 0,
      "bgColor": 16777215,
      "classSelector": ".icon",
      "name": "icomoon"
    },
    "historySize": 50,
    "showCodes": true,
    "gridSize": 16
  }
}